id;titulo;descricao;data_limite;concluida;data_criacao;data_conclusao;projeto_id
1;Prova de Automatos;Estudar os 3 primeiros capitulos;20-02-2026;0;07-02-2026;;1
2;Trabalho de Algoritmos;Implementar arvore rubro-negra;28-02-2026;0;07-02-2026;;1
3;Estudar Prolog;Resolver lista de exercicios 2;15-02-2026;0;07-02-2026;;1
4;Trabalho de Empreendedorismo;Escrever plano de negocios;25-02-2026;0;07-02-2026;;1
5;Comprar suplementos;Whey e Creatina;10-02-2026;0;07-02-2026;;2
6;Agendar nutricionista;Consulta de retorno;12-02-2026;0;07-02-2026;;2
7;Fazer compras da semana;Vegetais, frango e ovos;08-02-2026;0;07-02-2026;;2
8;Pagar internet;Conta de Fevereiro;10-02-2026;0;07-02-2026;;
9;Levar cachorro no vet;Vacina anual;15-02-2026;0;07-02-2026;;
